<?xml version="1.0" encoding="UTF-8"?>
<jcr:root xmlns:sling="http://sling.apache.org/jcr/sling/1.0" xmlns:cq="http://www.day.com/jcr/cq/1.0" xmlns:jcr="http://www.jcp.org/jcr/1.0" xmlns:nt="http://www.jcp.org/jcr/nt/1.0"
    jcr:primaryType="cq:Page">
    <jcr:content
        cq:lastModified="{Date}2017-09-26T10:29:00.231+05:30"
        cq:lastModifiedBy="admin"
        jcr:primaryType="nt:unstructured"
        jcr:title="bcbsil Design"
        sling:resourceType="wcm/core/components/designer">
        <page jcr:primaryType="nt:unstructured">
            <par
                jcr:lastModified="{Date}2017-09-18T17:40:02.353+05:30"
                jcr:lastModifiedBy="admin"
                jcr:primaryType="nt:unstructured"
                sling:resourceType="wcm/foundation/components/parsys"
                components="group:bcbsil">
                <colctrl
                    jcr:primaryType="nt:unstructured"
                    sling:resourceType="bcbsil/components/content/colctrl"
                    layouts="2;cq-colctrl-lt0&#x9;2 Columns (50%, 50%)"/>
                <cq:authoring jcr:primaryType="nt:unstructured">
                    <assetToComponentMapping jcr:primaryType="nt:unstructured">
                        <image
                            jcr:primaryType="nt:unstructured"
                            assetGroup="media"
                            assetMimetype="image/*"
                            droptarget="image"
                            resourceType="bcbsil/components/content/image"
                            type="Images"/>
                    </assetToComponentMapping>
                </cq:authoring>
                <section jcr:primaryType="nt:unstructured"/>
            </par>
            <logo
                jcr:primaryType="nt:unstructured"
                sling:resourceType="bcbsil/components/structure/logo"
                absParent="2">
                <image/>
            </logo>
            <leftpar
                jcr:lastModified="{Date}2017-09-25T13:02:23.797+05:30"
                jcr:lastModifiedBy="admin"
                jcr:primaryType="nt:unstructured"
                components="group:bcbsil">
                <section jcr:primaryType="nt:unstructured"/>
            </leftpar>
            <rightpar
                jcr:lastModified="{Date}2017-09-25T15:12:38.422+05:30"
                jcr:lastModifiedBy="admin"
                jcr:primaryType="nt:unstructured"
                components="group:bcbsil">
                <section jcr:primaryType="nt:unstructured"/>
            </rightpar>
            <middle
                jcr:lastModified="{Date}2017-09-25T17:00:19.246+05:30"
                jcr:lastModifiedBy="admin"
                jcr:primaryType="nt:unstructured"
                components="group:bcbsil">
                <section jcr:primaryType="nt:unstructured"/>
            </middle>
            <connect
                jcr:lastModified="{Date}2017-09-26T10:13:47.992+05:30"
                jcr:lastModifiedBy="admin"
                jcr:primaryType="nt:unstructured"
                components="group:bcbsil">
                <section jcr:primaryType="nt:unstructured"/>
            </connect>
            <recent
                jcr:lastModified="{Date}2017-09-26T10:29:00.225+05:30"
                jcr:lastModifiedBy="admin"
                jcr:primaryType="nt:unstructured"
                components="group:bcbsil">
                <section jcr:primaryType="nt:unstructured"/>
            </recent>
        </page>
        <boilerplatepage jcr:primaryType="nt:unstructured">
            <homepage
                jcr:lastModified="{Date}2017-09-20T11:48:49.821+05:30"
                jcr:lastModifiedBy="admin"
                jcr:primaryType="nt:unstructured"
                components="group:bcbsil">
                <section jcr:primaryType="nt:unstructured"/>
            </homepage>
            <par
                jcr:lastModified="{Date}2017-09-22T11:10:57.976+05:30"
                jcr:lastModifiedBy="admin"
                jcr:primaryType="nt:unstructured"
                components="group:bcbsil">
                <section jcr:primaryType="nt:unstructured"/>
            </par>
        </boilerplatepage>
    </jcr:content>
    <clientlibs/>
</jcr:root>
