<?xml version="1.0" encoding="UTF-8"?>
<jcr:root xmlns:sling="http://sling.apache.org/jcr/sling/1.0" xmlns:jcr="http://www.jcp.org/jcr/1.0" xmlns:nt="http://www.jcp.org/jcr/nt/1.0"
    jcr:primaryType="sling:OrderedFolder">
    <jcr:content
        jcr:primaryType="nt:unstructured"
        jcr:title="imgs"/>
    <go-mobile-icon.png/>
    <icon_espanol.png/>
    <large-header-logo_IL.png/>
    <logo-bcbsil-small.png/>
    <make-a-payment-icon.png/>
    <login-logo-bam.png/>
    <login-logo-bae.png/>
    <small-footer-icon-youtube.png/>
    <small-footer-icon-google.png/>
    <attend-a-seminar-icon.png/>
    <bam_sm_transparent.png/>
    <btn-search-2.png/>
    <icon-home.png/>
    <icon-side-menu.png/>
    <login-logo-bap.png/>
    <small-footer-icon-facebook.png/>
    <member-alert-icon.png/>
    <small-footer-icon-connect.png/>
    <search-ico.png/>
    <sm_000_oo.gif/>
    <right-arrow.png/>
    <small-footer-icon-twitter.png/>
    <medicaid-icon.png/>
    <bcbs-home-box1.png/>
    <_x0032_018-updates.svg/>
    <help-me-choose-icon.png/>
    <medicare-image.jpg/>
    <wyg-icon.png/>
    <find-a-doc-icon-2.png/>
    <home-icons.png/>
    <aler-message-icon.png/>
    <in-network-bg.png/>
    <what-is-my-network.png/>
    <find-doctor-icon.png/>
    <my-treatment-cost-icon.png/>
    <go-for-care-icon.png/>
    <insurance_basics.png/>
    <hmo-ppo.png/>
    <types-coverage.png/>
    <medicare-plan-icon.png/>
    <member-services.png/>
    <bcbsil_icon_192x192.ico/>
    <learn-medicare-plans.png/>
    <enroll-icon.png/>
    <tax-credit.png/>
    <student-healthy-plan.png/>
    <doctor-in-network.png/>
    <get-quote.png/>
    <why-choose-us.png/>
    <blue-mobile.png/>
    <procedure-cost.png/>
    <sp-individual-family-plans.png/>
    <sp-individual-family-plans_x0020__x0028_1_x0029_.png/>
    <Untitled.png/>
    <in-network.png/>
</jcr:root>
