<?xml version="1.0" encoding="UTF-8"?>
<jcr:root xmlns:sling="http://sling.apache.org/jcr/sling/1.0" xmlns:cq="http://www.day.com/jcr/cq/1.0" xmlns:jcr="http://www.jcp.org/jcr/1.0" xmlns:nt="http://www.jcp.org/jcr/nt/1.0"
    jcr:primaryType="nt:unstructured"
    sling:resourceType="cq/gui/components/authoring/dialog">
    <content
        jcr:primaryType="nt:unstructured"
        sling:resourceType="granite/ui/components/foundation/container">
        <layout
            jcr:primaryType="nt:unstructured"
            sling:resourceType="granite/ui/components/foundation/layouts/tabs"
            type="nav"/>
        <items jcr:primaryType="nt:unstructured">
            <column1
                jcr:primaryType="nt:unstructured"
                jcr:title="Column 1"
                sling:resourceType="granite/ui/components/foundation/section">
                <layout
                    jcr:primaryType="nt:unstructured"
                    sling:resourceType="granite/ui/components/foundation/layouts/fixedcolumns"/>
                <items jcr:primaryType="nt:unstructured">
                    <column
                        jcr:primaryType="nt:unstructured"
                        sling:resourceType="granite/ui/components/foundation/container">
                        <items jcr:primaryType="nt:unstructured">
                            <fieldset
                                jcr:primaryType="nt:unstructured"
                                jcr:title="Give links for column 1"
                                sling:resourceType="granite/ui/components/foundation/form/fieldset">
                                <layout
                                    jcr:primaryType="nt:unstructured"
                                    sling:resourceType="granite/ui/components/foundation/layouts/fixedcolumns"/>
                                <items jcr:primaryType="nt:unstructured">
                                    <column
                                        jcr:primaryType="nt:unstructured"
                                        sling:resourceType="granite/ui/components/foundation/container">
                                        <items jcr:primaryType="nt:unstructured">
                                            <dashboard
                                                jcr:primaryType="nt:unstructured"
                                                sling:resourceType="granite/ui/components/foundation/form/textfield"
                                                fieldDescription="Enter Dashboard name"
                                                fieldLabel="Dashboard"
                                                name="./iDashboard"/>
                                            <pages
                                                jcr:primaryType="nt:unstructured"
                                                sling:resourceType="granite/ui/components/foundation/form/multifield"
                                                class="full-width"
                                                fieldDescription="click + to add a new page"
                                                fieldLabel="URLs">
                                                <field
                                                    jcr:primaryType="nt:unstructured"
                                                    sling:resourceType="granite/ui/components/foundation/form/fieldset"
                                                    eaem-nested=""
                                                    name="./iItems">
                                                    <layout
                                                        jcr:primaryType="nt:unstructured"
                                                        sling:resourceType="granite/ui/components/foundation/layouts/fixedcolumns"
                                                        method="absolute"/>
                                                    <items jcr:primaryType="nt:unstructured">
                                                        <column
                                                            jcr:primaryType="nt:unstructured"
                                                            sling:resourceType="granite/ui/components/foundation/container">
                                                            <items jcr:primaryType="nt:unstructured">
                                                                <page
                                                                    jcr:primaryType="nt:unstructured"
                                                                    sling:resourceType="granite/ui/components/foundation/form/textfield"
                                                                    fieldDescription="Enter Page name"
                                                                    fieldLabel="page Name"
                                                                    name="./page"/>
                                                                <path
                                                                    jcr:primaryType="nt:unstructured"
                                                                    sling:resourceType="granite/ui/components/foundation/form/pathbrowser"
                                                                    fieldDescription="Enter Path Name"
                                                                    fieldLabel="Path Name"
                                                                    name="./path"/>
                                                            </items>
                                                        </column>
                                                    </items>
                                                </field>
                                            </pages>
                                        </items>
                                    </column>
                                </items>
                            </fieldset>
                        </items>
                    </column>
                </items>
            </column1>
            <column_x0020_2
                jcr:primaryType="nt:unstructured"
                jcr:title="Column 2"
                sling:resourceType="granite/ui/components/foundation/section">
                <layout
                    jcr:primaryType="nt:unstructured"
                    sling:resourceType="granite/ui/components/foundation/layouts/fixedcolumns"/>
                <items jcr:primaryType="nt:unstructured">
                    <column
                        jcr:primaryType="nt:unstructured"
                        sling:resourceType="granite/ui/components/foundation/container">
                        <items jcr:primaryType="nt:unstructured">
                            <fieldset
                                jcr:primaryType="nt:unstructured"
                                jcr:title="Give titles and links for column 2"
                                sling:resourceType="granite/ui/components/foundation/form/fieldset">
                                <layout
                                    jcr:primaryType="nt:unstructured"
                                    sling:resourceType="granite/ui/components/foundation/layouts/fixedcolumns"/>
                                <items jcr:primaryType="nt:unstructured">
                                    <column
                                        jcr:primaryType="nt:unstructured"
                                        sling:resourceType="granite/ui/components/foundation/container">
                                        <items jcr:primaryType="nt:unstructured">
                                            <dashboard
                                                jcr:primaryType="nt:unstructured"
                                                sling:resourceType="granite/ui/components/foundation/form/textfield"
                                                fieldDescription="Enter Dashboard name"
                                                fieldLabel="Dashboard"
                                                name="./uDashboard"/>
                                            <pages
                                                jcr:primaryType="nt:unstructured"
                                                sling:resourceType="granite/ui/components/foundation/form/multifield"
                                                class="full-width"
                                                fieldDescription="Click '+' to add a new page"
                                                fieldLabel="URLs">
                                                <field
                                                    jcr:primaryType="nt:unstructured"
                                                    sling:resourceType="granite/ui/components/foundation/form/fieldset"
                                                    eaem-nested=""
                                                    name="./uItems">
                                                    <layout
                                                        jcr:primaryType="nt:unstructured"
                                                        sling:resourceType="granite/ui/components/foundation/layouts/fixedcolumns"
                                                        method="absolute"/>
                                                    <items jcr:primaryType="nt:unstructured">
                                                        <column
                                                            jcr:primaryType="nt:unstructured"
                                                            sling:resourceType="granite/ui/components/foundation/container">
                                                            <items jcr:primaryType="nt:unstructured">
                                                                <page
                                                                    jcr:primaryType="nt:unstructured"
                                                                    sling:resourceType="granite/ui/components/foundation/form/textfield"
                                                                    fieldDescription="Enter Page Name"
                                                                    fieldLabel="Page Name"
                                                                    name="./page"/>
                                                                <path
                                                                    jcr:primaryType="nt:unstructured"
                                                                    sling:resourceType="granite/ui/components/foundation/form/pathbrowser"
                                                                    fieldDescription="Select Path"
                                                                    fieldLabel="Path"
                                                                    name="./path"
                                                                    rootPath="/content"/>
                                                            </items>
                                                        </column>
                                                    </items>
                                                </field>
                                            </pages>
                                        </items>
                                    </column>
                                </items>
                            </fieldset>
                        </items>
                    </column>
                </items>
            </column_x0020_2>
            <column_x0020_3
                jcr:primaryType="nt:unstructured"
                jcr:title="Column 3"
                sling:resourceType="granite/ui/components/foundation/section">
                <layout
                    jcr:primaryType="nt:unstructured"
                    sling:resourceType="granite/ui/components/foundation/layouts/fixedcolumns"/>
                <items jcr:primaryType="nt:unstructured">
                    <column
                        jcr:primaryType="nt:unstructured"
                        sling:resourceType="granite/ui/components/foundation/container">
                        <items jcr:primaryType="nt:unstructured">
                            <fieldset
                                jcr:primaryType="nt:unstructured"
                                jcr:title="Give titles and links for column 3"
                                sling:resourceType="granite/ui/components/foundation/form/fieldset">
                                <layout
                                    jcr:primaryType="nt:unstructured"
                                    sling:resourceType="granite/ui/components/foundation/layouts/fixedcolumns"/>
                                <items jcr:primaryType="nt:unstructured">
                                    <column
                                        jcr:primaryType="nt:unstructured"
                                        sling:resourceType="granite/ui/components/foundation/container">
                                        <items jcr:primaryType="nt:unstructured">
                                            <dashboard
                                                jcr:primaryType="nt:unstructured"
                                                sling:resourceType="granite/ui/components/foundation/form/textfield"
                                                fieldDescription="Enter Dashboard name"
                                                fieldLabel="Dashboard"
                                                name="./ukDashboard"/>
                                            <pages
                                                jcr:primaryType="nt:unstructured"
                                                sling:resourceType="granite/ui/components/foundation/form/multifield"
                                                class="full-width"
                                                fieldDescription="Click '+' to add a new page"
                                                fieldLabel="URLs">
                                                <field
                                                    jcr:primaryType="nt:unstructured"
                                                    sling:resourceType="granite/ui/components/foundation/form/fieldset"
                                                    eaem-nested=""
                                                    name="./ukItems">
                                                    <layout
                                                        jcr:primaryType="nt:unstructured"
                                                        sling:resourceType="granite/ui/components/foundation/layouts/fixedcolumns"
                                                        method="absolute"/>
                                                    <items jcr:primaryType="nt:unstructured">
                                                        <column
                                                            jcr:primaryType="nt:unstructured"
                                                            sling:resourceType="granite/ui/components/foundation/container">
                                                            <items jcr:primaryType="nt:unstructured">
                                                                <page
                                                                    jcr:primaryType="nt:unstructured"
                                                                    sling:resourceType="granite/ui/components/foundation/form/textfield"
                                                                    fieldDescription="Enter Page Name"
                                                                    fieldLabel="Page Name"
                                                                    name="./page"/>
                                                                <path
                                                                    jcr:primaryType="nt:unstructured"
                                                                    sling:resourceType="granite/ui/components/foundation/form/pathbrowser"
                                                                    fieldDescription="Select Path"
                                                                    fieldLabel="Path"
                                                                    name="./path"
                                                                    rootPath="/content"/>
                                                            </items>
                                                        </column>
                                                    </items>
                                                </field>
                                            </pages>
                                        </items>
                                    </column>
                                </items>
                            </fieldset>
                        </items>
                    </column>
                </items>
            </column_x0020_3>
            <copyrights
                jcr:primaryType="nt:unstructured"
                jcr:title="CopyRights"
                sling:resourceType="granite/ui/components/foundation/section">
                <layout
                    jcr:primaryType="nt:unstructured"
                    sling:resourceType="granite/ui/components/foundation/layouts/fixedcolumns"/>
                <items jcr:primaryType="nt:unstructured">
                    <column
                        jcr:primaryType="nt:unstructured"
                        sling:resourceType="granite/ui/components/foundation/container">
                        <items jcr:primaryType="nt:unstructured">
                            <fieldset
                                jcr:primaryType="nt:unstructured"
                                jcr:title="Copyright"
                                sling:resourceType="granite/ui/components/foundation/form/fieldset">
                                <layout
                                    jcr:primaryType="nt:unstructured"
                                    sling:resourceType="granite/ui/components/foundation/layouts/fixedcolumns"/>
                                <items jcr:primaryType="nt:unstructured">
                                    <column
                                        jcr:primaryType="nt:unstructured"
                                        sling:resourceType="granite/ui/components/foundation/container">
                                        <items jcr:primaryType="nt:unstructured">
                                            <text
                                                jcr:primaryType="nt:unstructured"
                                                sling:resourceType="granite/ui/components/foundation/form/textfield"
                                                fieldLabel="Copyright Text"
                                                name="./text"/>
                                        </items>
                                    </column>
                                </items>
                            </fieldset>
                            <fieldset_x0020_b
                                jcr:primaryType="nt:unstructured"
                                jcr:title="Company"
                                sling:resourceType="granite/ui/components/foundation/form/fieldset">
                                <layout
                                    jcr:primaryType="nt:unstructured"
                                    sling:resourceType="granite/ui/components/foundation/layouts/fixedcolumns"/>
                                <items jcr:primaryType="nt:unstructured">
                                    <column
                                        jcr:primaryType="nt:unstructured"
                                        sling:resourceType="granite/ui/components/foundation/container">
                                        <items jcr:primaryType="nt:unstructured">
                                            <text
                                                jcr:primaryType="nt:unstructured"
                                                sling:resourceType="granite/ui/components/foundation/form/textfield"
                                                fieldLabel="Company Name"
                                                name="./company"/>
                                        </items>
                                    </column>
                                </items>
                            </fieldset_x0020_b>
                        </items>
                    </column>
                </items>
            </copyrights>
            <footnav
                jcr:primaryType="nt:unstructured"
                jcr:title="Menu"
                sling:resourceType="granite/ui/components/foundation/section">
                <layout
                    jcr:primaryType="nt:unstructured"
                    sling:resourceType="granite/ui/components/foundation/layouts/fixedcolumns"/>
                <items jcr:primaryType="nt:unstructured">
                    <column
                        jcr:primaryType="nt:unstructured"
                        sling:resourceType="granite/ui/components/foundation/container">
                        <items jcr:primaryType="nt:unstructured">
                            <fieldset
                                jcr:primaryType="nt:unstructured"
                                jcr:title="Give Page and Links"
                                sling:resourceType="granite/ui/components/foundation/form/fieldset">
                                <layout
                                    jcr:primaryType="nt:unstructured"
                                    sling:resourceType="granite/ui/components/foundation/layouts/fixedcolumns"/>
                                <items jcr:primaryType="nt:unstructured">
                                    <column
                                        jcr:primaryType="nt:unstructured"
                                        sling:resourceType="granite/ui/components/foundation/container">
                                        <items jcr:primaryType="nt:unstructured">
                                            <pages
                                                jcr:primaryType="nt:unstructured"
                                                sling:resourceType="granite/ui/components/foundation/form/multifield"
                                                class="full-width"
                                                fieldDescription="Click '+' to add a new page"
                                                fieldLabel="URLs">
                                                <field
                                                    jcr:primaryType="nt:unstructured"
                                                    sling:resourceType="granite/ui/components/foundation/form/fieldset"
                                                    eaem-nested=""
                                                    name="./myUserSubmenu">
                                                    <layout
                                                        jcr:primaryType="nt:unstructured"
                                                        sling:resourceType="granite/ui/components/foundation/layouts/fixedcolumns"
                                                        method="absolute"/>
                                                    <items jcr:primaryType="nt:unstructured">
                                                        <column
                                                            jcr:primaryType="nt:unstructured"
                                                            sling:resourceType="granite/ui/components/foundation/container">
                                                            <items jcr:primaryType="nt:unstructured">
                                                                <page
                                                                    jcr:primaryType="nt:unstructured"
                                                                    sling:resourceType="granite/ui/components/foundation/form/textfield"
                                                                    fieldDescription="Enter Page Name"
                                                                    fieldLabel="Page Name"
                                                                    name="./title"/>
                                                                <path
                                                                    jcr:primaryType="nt:unstructured"
                                                                    sling:resourceType="granite/ui/components/foundation/form/pathbrowser"
                                                                    fieldDescription="Select Path"
                                                                    fieldLabel="Path"
                                                                    name="./link"
                                                                    rootPath="/content"/>
                                                            </items>
                                                        </column>
                                                    </items>
                                                </field>
                                            </pages>
                                        </items>
                                    </column>
                                </items>
                            </fieldset>
                        </items>
                    </column>
                </items>
            </footnav>
            <image
                jcr:primaryType="nt:unstructured"
                jcr:title="Images"
                sling:resourceType="granite/ui/components/foundation/section">
                <layout
                    jcr:primaryType="nt:unstructured"
                    sling:resourceType="granite/ui/components/foundation/layouts/fixedcolumns"/>
                <items jcr:primaryType="nt:unstructured">
                    <column
                        jcr:primaryType="nt:unstructured"
                        sling:resourceType="granite/ui/components/foundation/container">
                        <items jcr:primaryType="nt:unstructured">
                            <fieldset
                                jcr:primaryType="nt:unstructured"
                                jcr:title="Social Images"
                                sling:resourceType="granite/ui/components/foundation/form/fieldset">
                                <layout
                                    jcr:primaryType="nt:unstructured"
                                    sling:resourceType="granite/ui/components/foundation/layouts/fixedcolumns"/>
                                <items jcr:primaryType="nt:unstructured">
                                    <column
                                        jcr:primaryType="nt:unstructured"
                                        sling:resourceType="granite/ui/components/foundation/container">
                                        <items jcr:primaryType="nt:unstructured">
                                            <pages
                                                jcr:primaryType="nt:unstructured"
                                                sling:resourceType="granite/ui/components/foundation/form/multifield"
                                                class="full-width"
                                                fieldDescription="Click '+' to add a new page"
                                                fieldLabel="URLs">
                                                <field
                                                    jcr:primaryType="nt:unstructured"
                                                    sling:resourceType="granite/ui/components/foundation/form/fieldset"
                                                    eaem-nested=""
                                                    name="./myUserimages">
                                                    <layout
                                                        jcr:primaryType="nt:unstructured"
                                                        sling:resourceType="granite/ui/components/foundation/layouts/fixedcolumns"
                                                        method="absolute"/>
                                                    <items jcr:primaryType="nt:unstructured">
                                                        <column
                                                            jcr:primaryType="nt:unstructured"
                                                            sling:resourceType="granite/ui/components/foundation/container">
                                                            <items jcr:primaryType="nt:unstructured">
                                                                <image
                                                                    jcr:primaryType="nt:unstructured"
                                                                    sling:resourceType="granite/ui/components/foundation/form/pathbrowser"
                                                                    fieldDescription="Give the ref to image"
                                                                    fieldLabel="Image"
                                                                    name="./simage"/>
                                                                <title
                                                                    jcr:primaryType="nt:unstructured"
                                                                    sling:resourceType="granite/ui/components/foundation/form/textfield"
                                                                    fieldDescription="Enter ttile to image"
                                                                    fieldLabel="Title"
                                                                    name="./stitle"/>
                                                                <alt
                                                                    jcr:primaryType="nt:unstructured"
                                                                    sling:resourceType="granite/ui/components/foundation/form/textfield"
                                                                    fieldDescription="Enter alternate name to image"
                                                                    fieldLabel="Alternate Name"
                                                                    name="./saltname"/>
                                                                <link
                                                                    jcr:primaryType="nt:unstructured"
                                                                    sling:resourceType="granite/ui/components/foundation/form/pathbrowser"
                                                                    fieldDescription="Give link to image"
                                                                    fieldLabel="Link"
                                                                    name="./slink"/>
                                                            </items>
                                                        </column>
                                                    </items>
                                                </field>
                                            </pages>
                                        </items>
                                    </column>
                                </items>
                            </fieldset>
                        </items>
                    </column>
                </items>
            </image>
        </items>
    </content>
</jcr:root>
